Titles, Artist
Momma,Kendrick Lamar,
Daytona 500,Ghostface Killah,
Wishful Thinkin',Sly & the Family Stone,
Midnight,A Tribe Called Quest,
Scared Money (Rmx),Knxwledge.,
The Bottle,Gil Scott-Heron,
Platinum,Josh Pan,
Suede (Uptwnmixx),Knxwledge.,
Onda,Cassiano,
Cobra (Tovalieri),Ghemon,
Body and Soul (That's the Way It's Got to Be),Soul Generation,
Ain't No Half-Steppin',Big Daddy Kane,
Nights Like This,The Five Heartbeats,
SICKO MODE,Travis Scott,
Nardwuar vs. YG,Nardwuar,
Pussy,Jay-Z,
African Rhythms,Jay Dee,
4u,Blu,
Thinkin Bout You,Frank Ocean,
Ebony Woman,Harold Melvin & the Blue Notes,
Lyk Dis (Rmx),Knxwledge.,
Rugrats Title Card Music,Mark Mothersbaugh,
2000 Beyond,Slum Village,
Uncle Willie's Dream,Paul Humphrey,
Broken Apple,Prodigy,
S01E04 Intro Scene,Rugrats,
Chee$eburgers,Ray Bop,
To Each His Own,Patrice Rushen,
Drugs,Anderson .Paak,
I Think My Heart Is Telling,Evelyn "Champagne" King,
Oomps Revenge,Trippie Redd,
Window Shopper,50 Cent,
This Is Boring,Scott Pilgrim vs. The World,
Win or Lose,Mobb Deep,
Here I Am,Stanley Cowell,
Thick,D.I.T.C.,
Gone Baby, Don't Be Long,Erykah Badu,
Wngs,NxWorries,
I Believe in Miracles,Deniece Williams,
Is Anyone There,Hookfoot,
Wngs (Rmx),Knxwledge.,
Lady,Gino Vannelli,
Kutless (Rmx),Knxwledge.,
I'm So Sad / Estoy Muy Triste,Benitez and Nebula,
I've Come to Stay,The Smith Connection,
Why I Love You,B2K,
Suddenly,Adriana Evans,
Dear Person That Pissed Me Off...,Krissychula,
I Can't Wait,Nu Shooz,
4. Katsisbaktro,ChristiÛn,
I Ain't Even Mad at You, 'Cause You a Ho,The Players Club,
Best One (Rmx),Jake Viator,
Daytona 500,Ghostface Killah,
Killuminati Part 2,Joey Bada$$,
Started From the Bottom,Drake,
Hail Mary,Makaveli,
I Dedicate My Love to You,Adam Wade,
Confetti,Tori Kelly,
I Was a Fool to Care,James Taylor,
Stay,Room Service,
Track Three,Pyramid Vritra,
I've Cried,The Jhamels,
Baby Come Close,Smokey Robinson,
Storm King,Bob James,
Crazy in Love,BeyoncÈ,
James Joint,Rihanna,
Epitome,Gwen Bunn,
Failbait,deadmau5,
Tributo Ao Sorriso,Karma (Brazillian Rock),
Livvin (Remix),Knxwledge.,
Alone (Reprise),Wee,
Super Mario 64 Sound Effects,Nintendo,
Trust Issues,Drake,
The What,The Notorious B.I.G.,
King of Kings,Raekwon,
London Town,Light of the World,
Thanks to You,The Egyptians,
A Garden of Peace,Lonnie Liston Smith,
Galactic One,George Duke,
Undersea.,Jinsang,
Titles, Artist
Momma,Kendrick Lamar,
Daytona 500,Ghostface Killah,
Wishful Thinkin',Sly & the Family Stone,
Midnight,A Tribe Called Quest,
Scared Money (Rmx),Knxwledge.,
The Bottle,Gil Scott-Heron,
Platinum,Josh Pan,
Suede (Uptwnmixx),Knxwledge.,
Onda,Cassiano,
Cobra (Tovalieri),Ghemon,
Body and Soul (That's the Way It's Got to Be),Soul Generation,
Ain't No Half-Steppin',Big Daddy Kane,
Nights Like This,The Five Heartbeats,
SICKO MODE,Travis Scott,
Nardwuar vs. YG,Nardwuar,
Pussy,Jay-Z,
African Rhythms,Jay Dee,
4u,Blu,
Thinkin Bout You,Frank Ocean,
Ebony Woman,Harold Melvin & the Blue Notes,
Lyk Dis (Rmx),Knxwledge.,
Rugrats Title Card Music,Mark Mothersbaugh,
2000 Beyond,Slum Village,
Uncle Willie's Dream,Paul Humphrey,
Broken Apple,Prodigy,
S01E04 Intro Scene,Rugrats,
Chee$eburgers,Ray Bop,
To Each His Own,Patrice Rushen,
Drugs,Anderson .Paak,
I Think My Heart Is Telling,Evelyn "Champagne" King,
Oomps Revenge,Trippie Redd,
Window Shopper,50 Cent,
This Is Boring,Scott Pilgrim vs. The World,
Win or Lose,Mobb Deep,
Here I Am,Stanley Cowell,
Thick,D.I.T.C.,
Gone Baby, Don't Be Long,Erykah Badu,
Wngs,NxWorries,
I Believe in Miracles,Deniece Williams,
Is Anyone There,Hookfoot,
Wngs (Rmx),Knxwledge.,
Lady,Gino Vannelli,
Kutless (Rmx),Knxwledge.,
I'm So Sad / Estoy Muy Triste,Benitez and Nebula,
I've Come to Stay,The Smith Connection,
Why I Love You,B2K,
Suddenly,Adriana Evans,
Dear Person That Pissed Me Off...,Krissychula,
I Can't Wait,Nu Shooz,
4. Katsisbaktro,Christi√≥n,
I Ain't Even Mad at You, 'Cause You a Ho,The Players Club,
Best One (Rmx),Jake Viator,
Daytona 500,Ghostface Killah,
Killuminati Part 2,Joey Bada$$,
Started From the Bottom,Drake,
Hail Mary,Makaveli,
I Dedicate My Love to You,Adam Wade,
Confetti,Tori Kelly,
I Was a Fool to Care,James Taylor,
Stay,Room Service,
Track Three,Pyramid Vritra,
I've Cried,The Jhamels,
Baby Come Close,Smokey Robinson,
Storm King,Bob James,
Crazy in Love,Beyonc√©,
James Joint,Rihanna,
Epitome,Gwen Bunn,
Failbait,deadmau5,
Tributo Ao Sorriso,Karma (Brazillian Rock),
Livvin (Remix),Knxwledge.,
Alone (Reprise),Wee,
Super Mario 64 Sound Effects,Nintendo,
Trust Issues,Drake,
The What,The Notorious B.I.G.,
King of Kings,Raekwon,
London Town,Light of the World,
Thanks to You,The Egyptians,
A Garden of Peace,Lonnie Liston Smith,
Galactic One,George Duke,
Undersea.,Jinsang,
„Éù„Éó„É©ÈÄö„Çä„ÅÆÂÆ∂,Yuji Ohno,
Africa,D'Angelo,
Checkmate,Jadakiss,
Just Because I'm Wrong,Gerald Levert,
So Into You,Tamia,
Intimate Friends,Eddie Kendricks,
Mediterranee,Stringtronics,
444+222,Lil Uzi Vert,
Guile's Theme,Yoko Shimomura,
God Is So Good to Me,Gwen Carter,
The Air Conditioner's Scene,The Brave Little Toaster,
Keep Pushinn,Blu,
City Skyline,John Fiddy,
We at It Again,Timbaland,
God's Plan,Drake,
Super Mario 64 Sound Effects,Nintendo,
I'm So in Love With You,Brief Encounter,
No Sleep,Wiz Khalifa,
Pause,Jay Dee,
Kafe,Jay Dee,
Death & Resurrection,Ahmad Jamal,
Too Sweet to Lose,O'Conner,
Blunted,Phil Da Agony,
Lotus Blossom,Michael Franks,
Best Friends,Amy Winehouse,
Bless You With My Love,Heaven Sent & Ecstasy,
4. Katsisbaktro,Heaven Sent & Ecstasy,
Sneakin',Drake,
Will There Be Tomorrow,Conrad Benjamin,
Supreme Interlude.,Remy Banks,
Forever More,Enchantment,
Love on a Two Way Street,Lezli Valentine,
Soulstar,Musiq Soulchild,
Rocket Love,Stevie Wonder,
Wish I Had You,The Smith Connection,
Since I Seen't You,Anthony Hamilton,
SeentYew (Kaligraph E Rmx),Kaligraph E,
Daytona 500,Ghostface Killah,
The Infamous Prelude,Mobb Deep,
Brighton Beach,T√©l√©popmusik,
Street Life,AZ,
21 Questions,50 Cent,
Serious Drug,Wildcookie,
King Heroin,James Brown,
Be Your Girl,Teedra Moses,
8. Bownus‚Äã.‚Äãrownmywai‚Äã[‚ÄãWTT‚Äã]‚Äã176‚Äã.‚Äãsewhood_‚Äã[‚ÄãFU],Teedra Moses,
Blunted,Phil Da Agony,
Believe It,Meek Mill,
Just for You,George Duke,
Dragonfly,Yutaka Yokokura,
Suit & Tie,Justin Timberlake,
Sadness Theme,Franco Micalizzi,
Woo-Hah!! Got You All in Check,Busta Rhymes,
Winter in America,Gil Scott-Heron,
Sprout and the Bean,Joanna Newsom,
For You,Robert Glasper,
Valley of the Skinz,Trends of Culture,
Maiden Voyage / Everything in Its Right Place,Robert Glasper,
2000 Beyond,Slum Village,
Un Soir De Blanco,Claude Thomain Et Son Orchestre,
On & On,Erykah Badu,
Put Your Hands Where My Eyes Could See,Busta Rhymes,
So Good to Be Alive,The Truthettes,
All I Need Is You,Switch (Band),
Avril 14th,Aphex Twin,
Collage,The Ramsey Lewis Trio,
Popular Thug (Clones Version),Kelis,
Take the Fruit and Scoot,Dana Walden,
Trashwang,Tyler, the Creator,
Crew,GoldLink,
Don't Wanna Dance,Elle Varner,
Ladybird,Brian Bennett,
Key to Love (Is Understanding),The Majestics,
Ghost at the Finish Line,Quelle Chris,
Thinking of You,Chocolate Milk,
I'd Like to Make It With You,Fifth Flight,
Reminisce,Bilal,
My Foolish Heart,Bill Evans Trio,
Each Day I Cry a Little,Eddie Kendricks,
Don't Stop Smiling,Jus' Us,
What's Happening Baby,The Soul Children,
Shoot 'Em Up Movies,The Deele,
John,Lil Wayne,
Nothing Like This,Jay Dee,
I Love You,Faith Evans,
These Are the Things (You Do to Me),Lalah Hathaway,
Cosas Imposibles,Jos√© Jos√©,
I'm in Good Hands,The Clark Sisters,
H‚Äã.‚ÄãA‚Äã.‚ÄãN. (Rmx),Knxwledge.,
Funk Flex Freestyle,Meek Mill,
Peace Go With You, Brother (As-Salaam-Alaikum),Gil Scott-Heron,
Mercy,Kanye West,
Honest,Sly & the Family Stone,
Liquid Sunshine,John Cameron,
Superstar,Usher,
Daytona 500,Ghostface Killah,
I Got It 2,Jagged Edge,
He's Mine,MoKenStef,
Much Better Off,Smokey Robinson,
Mama Forgot to Tell Me,Little Beaver,
Aintovr [Strssdowt_,Tha God Fahim,
You Can't Blame Me,Johnson, Hawkins, Tatum & Durr,
Funky Bottoms,Kung Faux,
On My Way Home to You,Michael Franks,
I Miss That Whip,Anderson .Paak,
Power 99 Freestyle,Meek Mill,
You and I,Noname Gypsy,
Daytona 500,Ghostface Killah,
The Highways of My Life,The Isley Brothers,
Get on Up,Jodeci,
Fades Em All (Pete Rock Remix),Jamal,
Time and Tide,The Wolfgang Schl√ºter Combo,
Always Into Something,Stalley,
Befriends,Musiq Soulchild,
Smilin' Billy Suite Pt. II,The Heath Brothers,
Astronaute No Toki,Yuji Ohno,
Are You That Somebody?,Aaliyah,
Merde, Il Fait D√©j√† Jour,Christian Gaubert,
White Gloves,Khruangbin,
I Can Love You,Mary J. Blige,
Ostavi Trag,Tihomir Pop Asanoviƒá,
Frantic Moment,Eddie Hazel,
Leave Me Alone,Flipp Dinero,
You Wouldn't, You Couldn't Be True,Phil Upchurch,
Yes, Yes, Yes,Bill Cosby,
Las Vegas Tango,Gary Burton,
Believe in Me,One Way,
2000 Beyond,Slum Village,
To/DAY/MORROW,Hodgy Beats,
Your Life's on the Line,50 Cent,
Daytona 500,Ghostface Killah,
Wh¬∫K‚àÜres,Ghostface Killah,
Blackberry Molasses,Mista,
I Start You Up, You Turn Me On,LeVert,
Put It On,Big L,
24 Hours,TeeFlii,
Blue Collar Television Cipher,Loaded Lux,
Brighton Beach,T√©l√©popmusik,
Chanel,Frank Ocean,
Life's a Bitch,Nas,
Dangerous,Meek Mill,
U Know What's Up,Donell Jones,
Mylife,Donell Jones,
All Your Love,Black Sugar,
Lonely Boy (Live @ KXLU),Vincent Gallo,
Take My Number,Marshall Hain,
Keep It Thoro,Prodigy,
The Cross,Nas,
Best One,NxWorries,
Should I Let Myself Go,Optimistics,
Dontstop/Her,Musiq Soulchild,
Classic Freestyle,Meek Mill,
Bug a Boo,Destiny's Child,
Toca Tuesdays Freestyle,Kendrick Lamar,
Joy,Manchild,
Foolish,Ashanti,
Good Kisser,Usher,
I'm a Flirt (Remix),R. Kelly,
Kilimangiaro,Alberto Baldan Bembo,
Se√±orita,Vince Staples,
Bet Ain't Worth the Hand,Leon Bridges,
I Can Love You,Mary J. Blige,
Come Here,Talib Kweli,
Danny Brown Smashes His Freestyle on Sway in the Morning,Danny Brown,
Upper Echelon,Travis Scott,
Soar,Claudio Medeiros,
Wanna Get to Know You,G-Unit,
Stay With Me,Cherrelle,
Another Boy Cries Over Girlfriend, Begs Her to Comeback!,Jason Preaz Reviews,
Albert Pujols,Wale,
100 Anos De Instituto - Anais,Jo√£o Bosco,
Cartridge,Curren$y,
All We Got Iz Us (Evil Streets),Onyx,
Without U,Latif,
Neither One of Us (Wants to Be the First to Say Goodbye),Gladys Knight & the Pips,
Sumtimes I,Lil' Mo,
Fever Tree,Howard Blake,
Heart of the City (Ain't No Love),Jay-Z,
Lit,DJ Scream,
Ride or Die, Bitch,The Lox,
White Shit,Lil Uzi Vert,
Wanted You More,Lady Antebellum,
Introduction,Darien Brockington,
So Gone Challenge,Fatboy SSE,
I'm Better Off Without You,The Main Ingredient,
You Are My Starship,Norman Connors,
Livvin,NxWorries,
Cocunut Coast,Roger Roger,
Meek Mill vs. Teck Rap Battle,Meek Mill,
I'm So Proud,The Main Ingredient,
Forever Don't Last,Jazmine Sullivan,
Over My Dead Body,Drake,
Morning Sunrise,Weldon Irvine,
Daytona 500,Ghostface Killah,
Daytona 500,Ghostface Killah,
Quasimodo's Marriage,Alec R. Costandinos,
Another Time,NxWorries,
Anthrtime (Intro),NxWorries,
Studio,ScHoolboy Q,
I Love My Father,George Franklin Smallwood,
Reality... (Killing Every Nigga),Black Moon,
Tuesday Heartbreak,Stevie Wonder,
What I'm After,Lords of the Underground,
I Care 'Bout You,Milestone,
Selfish,Slum Village,
Friends and Strangers,Ronnie Laws,
Unpredictable,Keshia Chant√©,
Missin' You,Dave Hollister,
Suede,NxWorries,
Theme From I Want the World to Know,The Best of Both Worlds,
Diamond$ Are Fornever,Ray Bop,
Dress Down,Kaoru Akimoto,
Love More,Chris Brown,
Dimension 5ive,The 5th Dimension,
Let's Take It Back,Jay Dee,
Marvin's Room,Drake,
Hot Boyz (Remix),Missy Elliott,
Keepthtup,Missy Elliott,
Beautiful Noise,The Diplomats,
Amen,Meek Mill,
Flower Garden,James Harpham,
Sitting in the Park,The Ghost Squad,
I Don't Want to Wait Till Tomorrow,Terry Ellis,
I Only Care for You,Jorge Dalto,
MVP,Big L,
Suck My Dick,Lil' Kim,
Hot N*gga,Bobby Shmurda,
Be Ever Wonderful,Rockie Robbins,
Shine on Straight Arrow,Cris Williamson,
There's Nothing I Can Do About It,Mike & the Censations,
And I Love Her,Cl√°udia Telles,
Wouldn't Get Far,The Game,
Luxury: Cococure,Maxwell,
She's Mine,Phil Upchurch,
Movin' In,Lil Albert,
Jennifer,Jimmy Ponder,
Escupo,Jacques Siroul,
And Then We Touched the Sky,Airto,
(I'm Waiting For) Sweet Harmony,7 Sounds Ltd.,
Roscoe Ain't Fighting Nothing,Fresh,
Look Over Your Shoulder,The Escorts,
Leyla Theme,Pulsar Music Ltd.,
Greengold,Tstewart,
Book a Ride,Raydio G,
Blueprint (Momma Loves Me),Jay-Z,
Dj Cosmic Kev Freestyle,Juelz,
Noflowrs[instrw],Ghostface Killah,
Lover to Lover,Bobbi Humphrey,
Living for the City (Medley),New Jack City,
Misty Eyed,Mahogany Blue,
Memory Band,Rotary Connection,
My World Premiere,Charizma,
(It's Alright Now) Think I'll Make It Anyhow,D. J. Rogers,
Personal Space,Rick and Morty,
Some,Steve Lacy,
Ice Cream Freestyle/ Friends,Ghost Dog: The Way of the Samurai,
Everyone Nose (All the Girls Standing in the Line for the Bathroom) (Remix),N*E*R*D,
Rose of Sharon,Calvin Bridges,
Morning Sunrise,Twennynine,
Yes, Yes, Yes,Bill Cosby,
Ill Vibe,Busta Rhymes,
"Ripples (Montage) (1966)",Raymond Scott,
Evenflow,Ohbliv,
I Wonder Who,Twilight,
Nasty,Skepta,
Don't Flex,8Ball & MJG,
Written All Over Your Face,Rude Boys,
2 Chainz Warms Up With "Chloraseptic" Verse Before Twickenham Show,2 Chainz,
X,21 Savage,
Since I Fell for You,Etta Jones,
Black Petunia,Capital STEEZ,
J'suis Pas Fun,Pledge,
BadNewz (WunForShoes),Pledge,
After All,Major Harris,
Mask On,Sauce Walka,
I Love Kanye,Kanye West,
The Last Ride,New Jersey Drive,
A Robinsong,Michael Franks,
Tonight,The Avalanches,
Where Are We Going?,Marvin Gaye,
Dress Down,Kaoru Akimoto,
Touch Me Tease Me,Case,
See if I Won't,Sharissa,
For Openers,Jorge Dalto,
Kid Dances to OT Genasis,BEATSONFILM,
Sittin' Sidewayz,Paul Wall,
Favorite Drug,Styles P,
Yes Indeed,Lil Baby,
Hold Tight,Slum Village,
The Root,D'Angelo,
Dead Presidents,Jay-Z,
Get Retarded,Canibus,
Shadows,Tom Scott,
Win or Lose,Mobb Deep,
Work,Rihanna,
Find a Friend (Prelude),The Kay-Gees,
Only Wanna Be in Your Arms,Rosie Gaines,
Quiet Lady,Thad Jones,
Frontin',Pharrell Williams,
Tonight I'll Be Staying Here With You,Bob Dylan,
Who Is She and What Is She to You,Madelaine,
Oh Jerusalem,Lauryn Hill,
Tables Will Turn,Foxy Brown,
Image Maker,Tom Elliot,
Dreaming About You,The Blackbyrds,
Hennessey,2Pac,
No One Else but You,The Eptones,
Feeling,Bibio,
Tomorrow's Love,Hugo Montenegro, His Orchestra and Chorus,
Unfoolish,Ashanti,
Hold on Be Strong,2Pac,
If I Could Go!,Angie Martinez,
Got Caught Dealin Part II,Clipse,
Celebration,The Game,
I'm a Poor Man (But Rich in the Mind),Jonwayne,
Niggaz Nature (Remix),2Pac,
Aintitovr,A Tribe Called Quest,
Love You Out of Your Mind,Anne Murray,
Born on Halloween,Blue Magic,
Whoa!,Black Rob,
Da Yuan Apartments,Takenobu Mitsuyoshi,
When You Hear That,Beanie Sigel,
And I Love Her,Cl√°udia Telles,
Sketches (Of a Culture Bridge),El Chicano,
Chill Acoustic,Dan Gautreau,
Quasimodo's Marriage,Alec R. Costandinos,
Goddess of Love,Royal Flush (Soul),
Tha Muthaphukkin Real,Eazy-E,
Sweet,House Shoes,
No Other Love,Myron,
You're Something Special,Five Special,
Sour Soul,Pool-Pah,
My Girl Friday,Lil Albert,
I'll Do 4 U,Father MC,
Daytona 500,Ghostface Killah,
Tuesday,T√©l√©popmusik,
Fresh Water [Whoarei/Knxwledge Rework],Mick Jenkins,
Outstanding,Sahbabii,
Curious,Raekwon,
I Start You Up, You Turn Me On,LeVert,
[Re]definition of Ill.,Ohbliv,
Rude,Ohbliv,
I'm Good,YG,
The Grimy Way,Big Noyd,
Elevators (Me & You),OutKast,
Thtbodi,OutKast,
Just for You,George Duke,
In My Feelings,Drake,
Mystery Eyes,George Duke,
Lover to Lover,Maxi Anderson,
Made You Look (Remix),Nas,
Crazy in Love,Beyonc√©,
Somethin' Special,Zo!,
7AM (Live at Splash Festival 2018),Lil Uzi Vert,
Crazy in Love,Beyonc√©,
Viaggio a Londra,The Blue Sharks,
Toast to the Other Man,One Way,
Fat Albert,Curren$y,
Blah Blah Blah Blah,702,
You're Gonna Need Me,Dionne Warwick,
No Other Love,Myron,
Making Love in the Rain,Herb Alpert,
Emotion,Destiny's Child,
Someone,SWV,
T vs Stevie vs Kim,The Parkers,
Broken,Freddie Gibbs,
Blunt After Blunt,Danny Brown,
Gotta Go,Trey Songz,
James Bong,Wiz Khalifa,
Thank You,Slave,
You Gets No Love,Faith Evans,
Wait a Minute,Quelle Chris,
Song Cry,Jay-Z,
Ballin' on Christmas,Jim Jones,
I Will Always Love You,Whitney Houston,
Get No Younger,Joe Budden,
Welcome to My Hood,DJ Khaled,
Int'l Players Anthem (I Choose You),UGK,
Meet Me in the Deerpark,Michael Franks,
God Is Love,Marvin Gaye,
Something,Drake,
You,Lloyd,
Any Man,Eminem,
B.M.F. (Blowin' Money Fast),Rick Ross,
CRZY,Kehlani,
Street Life,AZ,
Survival of the Fittest,Mobb Deep,
Flex Freestyle,Uncle Murda,
I Worship the Very Ground You Walk On,Faith, Hope & Charity,
Unconditional Love,2Pac,
Don't Know, Don't Show,Boyz N the Hood,
Daytona 500,Ghostface Killah,
With a Child's Heart,Michael Jackson,
Love You Like I Did,112,
I Appreciate My Life,D√¢m-Funk,
City of Gods,AZ,
Members Only,Noname,
Win or Lose,Mobb Deep,
Pick N Roll,Curren$y,
The New Workout Plan,Kanye West,
Song Cry,Jay-Z,
Scared Money,NxWorries,
Crazy in Love,Beyonc√©,
Damn,Houdinne,
Super Mario 64 Voice Clips and Sound Effects,Nintendo,
Life's a Bitch,Nas,
My Life,Meek Mill,
Say Hello,Jay-Z,
That Girl,Pharrell Williams,
I Will,Danny Brown,
Party,Beyonc√©,
Another Day,4 Hero,
Don't Deserve You,Lloyd Banks,
Die Like a Rockstar,Danny Brown,
Let It Burn,Jazmine Sullivan,
Nann Nigga,Trick Daddy,
Boys & Girls,TiRon,
I Wanna Be Down,Brandy,
21 Questions,50 Cent,
SeentYew,50 Cent,
Don't Play,Travis Scott,
Steelo,702,
1999 Freestyle,Freeway,
Freaky Gurl,Gucci Mane,
All This Time (Vocal Version),Marcus Miller,
Girlfriend,LovHer,
I Heard,T-Wayne,
Funk Flex Freestyle,Meek Mill,
Cornbread, Fish & Collard Greens,Anthony Hamilton,
Best One,NxWorries,
I Will,Danny Brown,
Tables Will Turn,Foxy Brown,
Cherrypie Blues,Noname,
Life Is What You Make It,Nas,
Luchini AKA This Is It,Camp Lo,
One Minute Man,Missy Elliott,
Keys to Life,Ben Tankard,
N.O.R.E.,Noreaga,
The Starrkeisha Cheer Squad! | Random Structure TV,Random Structure TV,
Togetherness,Moruf,
One More Chance / Stay With Me (Remix),The Notorious B.I.G.,
God Love Us,Nas,
Mean,French Montana,
Deuces (Remix),Chris Brown,
DJ Play a Love Song,Jamie Foxx,
Made Men,Rick Ross,
Wifey,Next,
Yo (Excuse Me Miss),Chris Brown,
Lyk Dis,NxWorries,
My Way,Usher,
I Want It All,La the Darkman,
Pain,Sheek Louch,
To/DAY/MORROW,Hodgy Beats,
Who You Wit II,Jay-Z,
Whatever,Ideal,
Heard It All Before,Sunshine Anderson,
Kanye West/Pusha T Freestyle on the Funkmaster Flex Show,Pusha T,
So Much More,Fat Joe,
Book of Rhymes,Nas,
Everyone Nose (All the Girls Standing in the Line for the Bathroom) (Remix),N*E*R*D,
Get Focused Freestyle,Meek Mill,
Best One,NxWorries,
2AM,Adrian Marcel,
Ignorant Shit,Jay-Z,
Don't You Feel It Like I Feel It,J. Blackfoot,
Get Dis Money,Slum Village,
It's Over Now (Hex Retro-Future Mix),Deborah Cox,
What? Bro What Are You Talking About Man?,Russell Westbrook,
A.W.O.L.,AZ,
Shook Ones Part II,Mobb Deep,
Quickie,Miguel,
Firewater,Fat Joe,
Hot 97 Funkmaster Flex Freestyle,Vado,
Fake Ass Bitches (OG),2Pac,
Old Lovas,Dwele,
Best of Me, Pt. 2,M√Ωa,
Love You Like I Did,112,
Crazy in Love,Beyonc√©,
I'm Gettin Money,2Pac,
No Hook,Jay-Z,
Meek Mill 2006 Freestyle,Meek Mill,
Help,Lloyd Banks,
Just a Lil Bit,50 Cent,
Long Time Gone,Johnson&Jonson,
Crazy in Love,Beyonc√©,
Kutless,NxWorries,
Get Focused Freestyle,Meek Mill,
Drank in My Cup,Kirko Bangz,
Gotta Go,Trey Songz,
Firewater,Fat Joe,
Meek Mill on Batcave Radio,Meek Mill,
Wngs,NxWorries,
Daytona 500,Ghostface Killah,
Put a Little Umph in It,Jagged Edge,
Back Like That,Ghostface Killah,
God's Plan,Drake,
Try Again,Aaliyah,
Daytona 500,Ghostface Killah,
Girlfriend,Alicia Keys,
Daytona 500,Ghostface Killah,
Left & Right,D'Angelo,
I Want It All,La the Darkman,
My Love,Mary J. Blige,
m.A.A.d City,Kendrick Lamar,
Hair Braider,R. Kelly,
Beez in the Trap,Nicki Minaj,
Real Love,Mary J. Blige,
Feeling,Bibio,
P.L.O. Style,Method Man,
Lie4,Danny Brown,
You Da One,Rihanna,
Holler if Ya Hear Me,2Pac,
H.A.N.,NxWorries,
Retrosuperfuture,Rick Ross,
Get Down,DJ Quik,
Daytona 500,Ghostface Killah,
Blunt After Blunt,Danny Brown,
Daytona 500,Ghostface Killah,
Rownmywai[TWRK]_,Project Pat,
The Next Episode,Dr. Dre,
3. Almst‚Äã[‚Äãft‚Äã.‚Äãjeremiah‚Äã]‚Äã_,Dr. Dre,
Almost,Jeremiah Jae,
Go!,Common,
Daytona 500,Ghostface Killah,
Sweet,House Shoes,
Bloodshed and War,Da Youngsta's,
